,Site1,Site2,Fst
1,Norw,EaGB,0.004
2,Norw,Fran,0.007
3,Norw,Eire,0.006
4,Norw,Skag,0
5,Norw,Scot,0.007
6,Norw,Hel,0.003
7,Norw,IriS,0.004
8,Norw,Corn,0.007
9,Norw,Chan,0.005
10,Norw,Oos,0.03
11,Norw,Iber,0.007
12,Norw,Tan,0.012
13,EaGB,Fran,0.001
14,EaGB,Eire,0
15,EaGB,Skag,0.004
16,EaGB,Scot,0
17,EaGB,Hel,0.009
18,EaGB,IriS,0.002
19,EaGB,Corn,0.001
20,EaGB,Chan,0.002
21,EaGB,Oos,0.034
22,EaGB,Iber,0.004
23,EaGB,Tan,0.009
24,Fran,Eire,0.001
25,Fran,Skag,0.007
26,Fran,Scot,0
27,Fran,Hel,0.012
28,Fran,IriS,0.001
29,Fran,Corn,0
30,Fran,Chan,0
31,Fran,Oos,0.035
32,Fran,Iber,0.002
33,Fran,Tan,0.011
34,Eire,Skag,0.004
35,Eire,Scot,0
36,Eire,Hel,0.007
37,Eire,IriS,0.001
38,Eire,Corn,0
39,Eire,Chan,0
40,Eire,Oos,0.035
41,Eire,Iber,0.002
42,Eire,Tan,0.008
43,Skag,Scot,0.006
44,Skag,Hel,0.004
45,Skag,IriS,0.006
46,Skag,Corn,0.007
47,Skag,Chan,0.006
48,Skag,Oos,0.031
49,Skag,Iber,0.007
50,Skag,Tan,0.014
51,Scot,Hel,0.009
52,Scot,IriS,0
53,Scot,Corn,0
54,Scot,Chan,0
55,Scot,Oos,0.038
56,Scot,Iber,0.003
57,Scot,Tan,0.009
58,Hel,IriS,0.01
59,Hel,Corn,0.011
60,Hel,Chan,0.012
61,Hel,Oos,0.039
62,Hel,Iber,0.013
63,Hel,Tan,0.023
64,IriS,Corn,0
65,IriS,Chan,0
66,IriS,Oos,0.038
67,IriS,Iber,0.001
68,IriS,Tan,0.007
69,Corn,Chan,0
70,Corn,Oos,0.041
71,Corn,Iber,0.003
72,Corn,Tan,0.008
73,Chan,Oos,0.036
74,Chan,Iber,0.003
75,Chan,Tan,0.012
76,Oos,Iber,0.041
77,Oos,Tan,0.05
78,Iber,Tan,0.003
