"","Norw.Statistic","Norw.Frequency.1","Norw.Frequency.2","Norw.Frequency.3","Norw.Frequency.4","Norw.Frequency.5","EaGB.Statistic","EaGB.Frequency.1","EaGB.Frequency.2","EaGB.Frequency.3","EaGB.Frequency.4","EaGB.Frequency.5","Fran.Statistic","Fran.Frequency.1","Fran.Frequency.2","Fran.Frequency.3","Fran.Frequency.4","Fran.Frequency.5","Eire.Statistic","Eire.Frequency.1","Eire.Frequency.2","Eire.Frequency.3","Eire.Frequency.4","Eire.Frequency.5","Skag.Statistic","Skag.Frequency.1","Skag.Frequency.2","Skag.Frequency.3","Skag.Frequency.4","Skag.Frequency.5","Scot.Statistic","Scot.Frequency.1","Scot.Frequency.2","Scot.Frequency.3","Scot.Frequency.4","Scot.Frequency.5","Hel.Statistic","Hel.Frequency.1","Hel.Frequency.2","Hel.Frequency.3","Hel.Frequency.4","Hel.Frequency.5","IriS.Statistic","IriS.Frequency.1","IriS.Frequency.2","IriS.Frequency.3","IriS.Frequency.4","IriS.Frequency.5","Corn.Statistic","Corn.Frequency.1","Corn.Frequency.2","Corn.Frequency.3","Corn.Frequency.4","Corn.Frequency.5","Chan.Statistic","Chan.Frequency.1","Chan.Frequency.2","Chan.Frequency.3","Chan.Frequency.4","Chan.Frequency.5","Oos.Statistic","Oos.Frequency.1","Oos.Frequency.2","Oos.Frequency.3","Oos.Frequency.4","Oos.Frequency.5","Iber.Statistic","Iber.Frequency.1","Iber.Frequency.2","Iber.Frequency.3","Iber.Frequency.4","Iber.Frequency.5","Tan.Statistic","Tan.Frequency.1","Tan.Frequency.2","Tan.Frequency.3","Tan.Frequency.4","Tan.Frequency.5"
"1","Lowest Allele Frequency Used","0.050","0.020","0.010","No S*","0+","Lowest Allele Frequency Used","0.050","0.020","0.010","No S*","0+","Lowest Allele Frequency Used","0.050","0.020","0.010","No S*","0+","Lowest Allele Frequency Used","0.050","0.020","0.010","No S*","0+","Lowest Allele Frequency Used","0.050","0.020","0.010","No S*","0+","Lowest Allele Frequency Used","0.050","0.020","0.010","No S*","0+","Lowest Allele Frequency Used","0.050","0.020","0.010","No S*","0+","Lowest Allele Frequency Used","0.050","0.020","0.010","No S*","0+","Lowest Allele Frequency Used","0.050","0.020","0.010","No S*","0+","Lowest Allele Frequency Used","0.050","0.020","0.010","No S*","0+","Lowest Allele Frequency Used","0.050","0.020","0.010","No S*","0+","Lowest Allele Frequency Used","0.050","0.020","0.010","No S*","0+","Lowest Allele Frequency Used","0.050","0.020","0.010","No S*","0+"
"2","Harmonic Mean Sample Size","8","8","8","8.1","8","Harmonic Mean Sample Size","19.4","19.7","19.7","19.6","19.7","Harmonic Mean Sample Size","12.1","12.2","12.2","12.1","12.2","Harmonic Mean Sample Size","24.2","24.1","24.3","24.3","24.3","Harmonic Mean Sample Size","17.4","17.4","17.4","17.4","17.4","Harmonic Mean Sample Size","17.2","17.3","17.3","17.2","17.3","Harmonic Mean Sample Size","5.2","5.2","5.2","5.3","5.2","Harmonic Mean Sample Size","11.3","11.4","11.4","11.4","11.4","Harmonic Mean Sample Size","17.5","17.6","17.6","17.5","17.6","Harmonic Mean Sample Size","14.6","14.7","14.7","14.6","14.7","Harmonic Mean Sample Size","6.3","6.3","6.3","6.3","6.3","Harmonic Mean Sample Size","11.4","11.5","11.5","11.5","11.5","Harmonic Mean Sample Size","6.4","6.4","6.4","6.4","6.4"
"3","Independent Comparisons","5293753","5293753","5293753","2297593","5293753","Independent Comparisons","4325163","10749109","10749109","5618375","10749109","Independent Comparisons","3544347","7762118","7762118","3506347","7762118","Independent Comparisons","4223292","9497465","12280198","6946741","12280198","Independent Comparisons","5075090","9885827","9885827","5075090","9885827","Independent Comparisons","4974507","9742198","9742198","4974500","9742198","Independent Comparisons","3846559","3846559","3846559","1183230","3846559","Independent Comparisons","3374865","7545818","7545818","3275849","7545818","Independent Comparisons","4963338","9907049","9907049","4963338","9907049","Independent Comparisons","4385272","9073708","9073708","4384964","9073708","Independent Comparisons","3566923","3566923","3566923","1558416","3566923","Independent Comparisons","3367657","7220374","7220374","3228856","7220374","Independent Comparisons","4617509","4617509","4617509","1588205","4617509"
"4","OverAll r^2","0.16953","0.16953","0.16953","0.174657","0.16953","OverAll r^2","0.060532","0.058645","0.058645","0.059561","0.058645","OverAll r^2","0.106082","0.102707","0.102707","0.106159","0.102707","OverAll r^2","0.047489","0.046756","0.046163","0.045624","0.046163","OverAll r^2","0.067662","0.0672","0.0672","0.067662","0.0672","OverAll r^2","0.069864","0.067652","0.067652","0.069853","0.067652","OverAll r^2","0.303475","0.303475","0.303475","0.312853","0.303475","OverAll r^2","0.115395","0.11169","0.11169","0.116033","0.11169","OverAll r^2","0.068947","0.066454","0.066454","0.068947","0.066454","OverAll r^2","0.083579","0.08203","0.08203","0.083577","0.08203","OverAll r^2","0.246147","0.246147","0.246147","0.255029","0.246147","OverAll r^2","0.113426","0.10945","0.10945","0.113923","0.10945","OverAll r^2","0.235054","0.235054","0.235054","0.248311","0.235054"
"5","Expected r^2 Sample","0.174036","0.174036","0.174036","0.173624","0.174036","Expected r^2 Sample","0.058696","0.059037","0.059037","0.058905","0.059037","Expected r^2 Sample","0.104739","0.104695","0.104695","0.107684","0.104695","Expected r^2 Sample","0.046286","0.046768","0.04631","0.044803","0.04631","Expected r^2 Sample","0.067373","0.067758","0.067758","0.067373","0.067758","Expected r^2 Sample","0.069621","0.06821","0.06821","0.069629","0.06821","Expected r^2 Sample","0.319186","0.319186","0.319186","0.317479","0.319186","Expected r^2 Sample","0.115409","0.114128","0.114128","0.119236","0.114128","Expected r^2 Sample","0.068805","0.067012","0.067012","0.068805","0.067012","Expected r^2 Sample","0.08359","0.083013","0.083013","0.083588","0.083013","Expected r^2 Sample","0.250623","0.250623","0.250623","0.250852","0.250623","Expected r^2 Sample","0.112375","0.111492","0.111492","0.113656","0.111492","Expected r^2 Sample","0.243719","0.243719","0.243719","0.248839","0.243719"
"6","Estimated Ne^","Inf","Inf","Inf","265.1","Inf","Estimated Ne^","1739.7","Inf","Inf","1839","Inf","Estimated Ne^","109132.7","Inf","Inf","28361.5","Inf","Estimated Ne^","985.9","Inf","Inf","2157","Inf","Estimated Ne^","1782.5","Inf","Inf","1782.5","Inf","Estimated Ne^","1361","Inf","Inf","1361","Inf","Estimated Ne^","Inf","Inf","Inf","Inf","Inf","Estimated Ne^","Inf","Inf","Inf","3909.3","Inf","Estimated Ne^","2707.8","Inf","Inf","2707.8","Inf","Estimated Ne^","Inf","Inf","Inf","Inf","Inf","Estimated Ne^","Inf","Inf","Inf","67.5","Inf","Estimated Ne^","749","Inf","Inf","570.6","Inf","Estimated Ne^","Inf","Inf","Inf","167.8","Inf"
"7","CI low Parametric","Inf","Inf","Inf","226","Inf","CI low Parametric","159","Inf","Inf","422.9","Inf","CI low Parametric","203.7","Inf","Inf","Inf","Inf","CI low Parametric","241.4","10334.4","Inf","352.8","Inf","CI low Parametric","825.9","Inf","Inf","825.9","Inf","CI low Parametric","932","Inf","Inf","988.4","Inf","CI low Parametric","Inf","Inf","Inf","Inf","Inf","CI low Parametric","1921.1","Inf","Inf","Inf","Inf","CI low Parametric","1350.4","Inf","Inf","1350.4","Inf","CI low Parametric","3082.4","Inf","Inf","3084.9","Inf","CI low Parametric","Inf","Inf","Inf","63.2","Inf","CI low Parametric","250.3","Inf","Inf","693.7","Inf","CI low Parametric","Inf","Inf","Inf","16454.9","Inf"
"8","CI high Parametric","Inf","Inf","Inf","429.6","Inf","CI high Parametric","173.7","Inf","Inf","523.9","Inf","CI high Parametric","257.7","Inf","Inf","Inf","Inf","CI high Parametric","268.8","Inf","Inf","396.9","Inf","CI high Parametric","1495.9","Inf","Inf","1495.9","Inf","CI high Parametric","1969.9","Inf","Inf","2239.2","Inf","CI high Parametric","Inf","Inf","Inf","Inf","Inf","CI high Parametric","Inf","Inf","Inf","Inf","Inf","CI high Parametric","5474.4","Inf","Inf","5474.4","Inf","CI high Parametric","Inf","Inf","Inf","Inf","Inf","CI high Parametric","Inf","Inf","Inf","83.6","Inf","CI high Parametric","348.5","Inf","Inf","3367.2","Inf","CI high Parametric","Inf","Inf","Inf","Inf","Inf"
"9","CI low JackKnife","23.7","23.7","23.7","14.8","23.7","CI low JackKnife","70.3","184.1","184.1","108.2","184.1","CI low JackKnife","78.8","Inf","Inf","383.9","Inf","CI low JackKnife","107.5","195.9","252.4","133.7","252.4","CI low JackKnife","86.5","125.1","125.1","86.5","125.1","CI low JackKnife","93.7","142.4","142.4","94.3","142.4","CI low JackKnife","Inf","Inf","Inf","36.9","Inf","CI low JackKnife","112.3","Inf","Inf","Inf","Inf","CI low JackKnife","84.6","119","119","84.6","119","CI low JackKnife","75","119.3","119.3","75.4","119.3","CI low JackKnife","18.7","18.7","18.7","8.4","18.7","CI low JackKnife","28.2","50.5","50.5","32.7","50.5","CI low JackKnife","Inf","Inf","Inf","67.5","Inf"
"10","CI high JackKnife","Inf","Inf","Inf","Inf","Inf","CI high JackKnife","Inf","Inf","Inf","Inf","Inf","CI high JackKnife","Inf","Inf","Inf","Inf","Inf","CI high JackKnife","Inf","Inf","Inf","Inf","Inf","CI high JackKnife","Inf","Inf","Inf","Inf","Inf","CI high JackKnife","Inf","Inf","Inf","Inf","Inf","CI high JackKnife","Inf","Inf","Inf","Inf","Inf","CI high JackKnife","Inf","Inf","Inf","Inf","Inf","CI high JackKnife","Inf","Inf","Inf","Inf","Inf","CI high JackKnife","Inf","Inf","Inf","Inf","Inf","CI high JackKnife","Inf","Inf","Inf","Inf","Inf","CI high JackKnife","Inf","Inf","Inf","Inf","Inf","CI high JackKnife","Inf","Inf","Inf","Inf","Inf"
